#{"t_start": 1715954647.594678, "env_id": "None"}
r,l,t,qos_breach,power_per_mbit,latency_error,allocation_error,total_power,total_traffic,reward
-2334.169172,1000,1.990121,0,0.028197414380562,100,0,27.441266072015296,973.1837714500533,-5.028197414380562
-2119.347562,1000,3.665568,0,0.026831081025670098,100,0,26.11157262464359,973.1837714500533,-5.02683108102567
-1719.292345,1000,11.252578,0,0.028068954333010585,100,0,27.316250838458558,973.1837714500533,-5.02806895433301
-1804.105159,1000,12.943201,0,0.027620144469411707,100,0,26.87947636273742,973.1837714500534,-5.027620144469411
-1409.255752,1000,20.257062,0,0.027994814695669525,0,0,27.244099346577045,973.1837714500533,-0.02799481469566952-15-1509.291288,1000,21.885611,0,0.027008705508045686,100,0,26.28443388830373,973.1837714500534,-5.02700870550804-11-966.924212,1000,29.706253,0,0.027157095548357133,0,0,26.42884466737965,973.1837714500534,-0.0271570955483571-10--974.65306,1000,31.333188,0,0.028313274413930067,100,0,27.554019176248758,973.1837714500532,-5.0283132744139305-7-676.961805,1000,39.020699,0,0.027630010702572247,0,0,26.889078020734594,973.1837714500532,-0.027630010702572-70-6-499.738906,1000,40.648562,0,0.0284333327009038,0,0,27.67085795275969,973.1837714500533,-0.028433332700903-51-539.538902,1000,48.391618,0,0.028531517752751027,0,0,27.766410051816393,973.1837714500533,-0.02853151775275102-5--424.758561,1000,50.015566,0,0.028052343658331112,100,0,27.300085599427653,973.1837714500532,-5.0280523436583-47--362.190192,1000,57.876045,0,0.028089353790255726,0,0,27.33610325919592,973.1837714500534,-0.0280893537902557--39-234.601283,1000,59.507829,0,0.02824956648176363,0,0,27.49201965055174,973.1837714500532,-0.02824956648176363-3-236.91344,1000,67.312134,0,0.02745907695674092,0,0,26.722728073298384,973.1837714500534,-0.02745907695674092
-212.176108,1000,68.934192,0,0.027509164769116506,0,0,26.77147271944974,973.1837714500534,-0.027509164769116506
-224.680434,1000,76.691924,0,0.0281963950685491,0,0,27.4402740941063,973.1837714500534,-0.0281963950685491
-204.696101,1000,78.314293,0,0.02788148755935571,0,0,27.133811216651537,973.1837714500534,-0.02788148755935571
-209.634271,1000,86.045615,0,0.027417566697177466,0,0,26.682330962342547,973.1837714500533,-0.027417566697177466
-177.120933,1000,87.671223,0,0.028123398617307404,0,0,27.369235132384436,973.1837714500533,-0.028123398617307404
-139.613591,1000,95.301865,0,0.02812339861730741,0,0,27.36923513238444,973.1837714500533,-0.02812339861730741--179.596337,1000,96.936075,0,0.02758419630100742,0,0,26.844492188633012,973.1837714500534,-0.02758419630100742
-184.559836,1000,104.601237,0,0.02812339861730744,0,0,27.369235132384468,973.1837714500533,-0.02812339861730744
-146.943851,1000,106.223495,0,0.027567073596618957,0,0,26.827828650598825,973.1837714500534,-0.027567073596618957
-139.592025,1000,113.961898,0,0.027972671836593504,0,0,27.22255027547076,973.1837714500534,-0.027972671836593504
-147.139035,1000,115.595513,0,0.02812339861730741,0,0,27.36923513238444,973.1837714500533,-0.02812339861730741
-187.156723,1000,122.976155,0,0.027454489451600814,0,0,26.718263587744588,973.1837714500533,-0.027454489451600814
-157.107649,1000,124.597982,0,0.02800696303664747,0,0,27.255921914866825,973.1837714500534,-0.02800696303664747
-147.064389,1000,132.003452,0,0.027824856136204595,0,0,27.07869843468675,973.1837714500534,-0.027824856136204595-2-129.630091,1000,133.64474,0,0.02766792614566684,0,0,26.925976714641592,973.1837714500533,-0.02766792614566684
-137.113641,1000,140.980658,0,0.02745017554209056,0,0,26.7140653610177,973.1837714500532,-0.02745017554209056
-147.115959,1000,142.627547,0,0.02791265155864263,0,0,27.164139515011044,973.1837714500533,-0.02791265155864263
-134.649832,1000,150.113001,0,0.027653773247615882,0,0,26.91220334393941,973.1837714500532,-0.027653773247615882
-156.931724,1000,151.746955,0,0.027682908706456316,0,0,26.940557499656677,973.1837714500534,-0.027682908706456316--142.073633,1000,159.077452,0,0.027742381969124093,0,0,26.998435913720144,973.1837714500534,-0.027742381969124093-2-144.51765,1000,160.705214,0,0.0276942683476253,0,0,26.951612518091824,973.1837714500532,-0.0276942683476253
-134.584059,1000,168.06351,0,0.027950250370989086,0,0,27.200730069012412,973.1837714500533,-0.027950250370989086
-142.113551,1000,169.685467,0,0.028148145941957907,0,0,27.39331882712111,973.1837714500533,-0.028148145941957907
-152.048816,1000,177.085173,0,0.02747354430717272,0,0,26.73680746395449,973.1837714500534,-0.02747354430717272
-134.54608,1000,178.714286,0,0.027603973005891288,0,0,26.86373855687875,973.1837714500534,-0.027603973005891288
-127.007767,1000,186.315847,0,0.027414994870380953,0,0,26.679828102241203,973.1837714500533,-0.027414994870380953
-117.062186,1000,187.93754,0,0.027758929609051984,0,0,27.014539808353767,973.1837714500534,-0.027758929609051984
-142.05646,1000,189.553086,0,0.02782555772598358,0,0,27.079381210473873,973.1837714500534,-0.02782555772598358
-134.50561,1000,197.015882,0,0.027888455574474752,0,0,27.1405923758846,973.1837714500533,-0.027888455574474752
-137.011038,1000,198.632475,0,0.027718409654586756,0,0,26.97510644624831,973.1837714500534,-0.027718409654586756
-127.066455,1000,205.968455,0,0.027647893533482796,0,0,26.90648130156433,973.1837714500534,-0.027647893533482796
-142.01363,1000,207.655626,0,0.027677870911839163,0,0,26.935654799691363,973.1837714500533,-0.027677870911839163
-134.56387,1000,215.135642,0,0.02798898851708756,0,0,27.23842940413151,973.1837714500534,-0.02798898851708756
-124.597249,1000,216.759449,0,0.02811373900793603,0,0,27.359834557305664,973.1837714500533,-0.02811373900793603
-119.592111,1000,224.041337,0,0.02768249448608873,0,0,26.94015438711714,973.1837714500534,-0.02768249448608873
-127.122176,1000,225.667076,0,0.028259352830812975,0,0,27.50154356662831,973.1837714500533,-0.028259352830812975
-137.112884,1000,233.357487,0,0.028288495574941726,0,0,27.529904812269937,973.1837714500534,-0.028288495574941726
-124.556664,1000,234.984863,0,0.02812988984830233,0,0,27.37555229304543,973.1837714500533,-0.02812988984830233
-149.610607,1000,242.331745,0,0.028128936878786752,0,0,27.37462487857818,973.1837714500533,-0.028128936878786752
-122.129228,1000,243.988715,0,0.028025149340387617,0,0,27.273620530529396,973.1837714500533,-0.028025149340387617
-147.131066,1000,251.4898,0,0.027816733185009063,0,0,27.070793310406977,973.1837714500534,-0.027816733185009063
-142.019171,1000,253.12375,0,0.02767901543397497,0,0,26.936768630059998,973.1837714500534,-0.02767901543397497
-134.57442,1000,260.496968,0,0.02792188228957814,0,0,27.173122712556108,973.1837714500534,-0.02792188228957814
-142.041894,1000,262.117811,0,0.02816168142841481,0,0,27.406491342879654,973.1837714500534,-0.02816168142841481
-141.954106,1000,269.518964,0,0.0282374046754431,0,0,27.48018397800909,973.1837714500534,-0.0282374046754431
-144.597028,1000,271.14106,0,0.028043059324632157,0,0,27.291050236543107,973.1837714500533,-0.028043059324632157
-129.579127,1000,278.555651,0,0.028109202076139286,0,0,27.355419288908898,973.1837714500533,-0.028109202076139286
-137.08683,1000,280.190046,0,0.02797188062268459,0,0,27.221780278934855,973.1837714500533,-0.02797188062268459
-149.560743,1000,287.736466,0,0.02813411704152389,0,0,27.379666128887433,973.1837714500533,-0.02813411704152389
-134.528746,1000,289.37114,0,0.02815110201313104,0,0,27.396195627614055,973.1837714500534,-0.02815110201313104
-134.566712,1000,296.794128,0,0.02780204413382202,0,0,27.056498164173746,973.1837714500533,-0.02780204413382202
-144.587357,1000,298.418244,0,0.02816008655148584,0,0,27.40493923453492,973.1837714500534,-0.02816008655148584
-127.113335,1000,306.123542,0,0.028215087106189782,0,0,27.458464881793542,973.1837714500533,-0.028215087106189782
-129.629057,1000,307.764368,0,0.02801577395119738,0,0,27.264496553918427,973.1837714500533,-0.02801577395119738
-122.086007,1000,315.091767,0,0.0277717891608769,0,0,27.027054515497895,973.1837714500534,-0.0277717891608769
-134.553251,1000,316.731692,0,0.028001620833358096,0,0,27.25072296932182,973.1837714500534,-0.028001620833358096
-139.574154,1000,324.435237,0,0.028086233773182763,0,0,27.333066909213862,973.1837714500533,-0.028086233773182763
-129.385285,1000,326.069405,0,0.02744266670367955,0,0,26.706757881333665,973.1837714500533,-0.02744266670367955--142.116346,1000,333.638304,0,0.028163138972740448,0,0,27.40790980136353,973.1837714500533,-0.02816313897274044-15-139.574605,1000,335.268631,0,0.02776452253610065,0,0,27.019982754192434,973.1837714500534,-0.02776452253610065--139.626936,1000,342.920361,0,0.028123398617307418,0,0,27.369235132384446,973.1837714500533,-0.028123398617307418-1-139.564695,1000,344.552042,0,0.027809330727018255,0,0,27.06358935842148,973.1837714500534,-0.027809330727018255-1-109.584025,1000,352.176255,0,0.027985107433277024,0,0,27.234652396351457,973.1837714500534,-0.0279851074332770-145-117.053426,1000,353.816665,0,0.02827703704766456,0,0,27.51875355947908,973.1837714500534,-0.02827703704766456-1-129.532032,1000,361.549131,0,0.028333170313648525,0,0,27.573381542973166,973.1837714500534,-0.02833317031364852-16-124.629148,1000,363.164356,0,0.02812339861730741,0,0,27.36923513238444,973.1837714500532,-0.02812339861730741--134.422149,1000,370.741798,0,0.02804177563695292,0,0,27.289800972526066,973.1837714500534,-0.02804177563695292
-112.027283,1000,372.418075,0,0.0280640932062062,0,0,27.311520068741572,973.1837714500534,-0.0280640932062062
-126.925673,1000,379.794045,0,0.02814377144417028,0,0,27.389061636865947,973.1837714500533,-0.02814377144417028
-131.986444,1000,381.426353,0,0.02800344520026959,0,0,27.25249841359326,973.1837714500534,-0.02800344520026959
-129.623283,1000,383.059947,0,0.028263288993626807,0,0,27.505374176400515,973.1837714500532,-0.028263288993626807
-122.035106,1000,390.34334,0,0.02805957846625357,0,0,27.307126397087355,973.1837714500534,-0.02805957846625357
-126.91379,1000,391.97085,0,0.02790787232729799,0,0,27.159488444626437,973.1837714500533,-0.02790787232729799
-144.649724,1000,399.34189,0,0.027956086967936077,0,0,27.20641015044172,973.1837714500534,-0.027956086967936077
-119.635488,1000,400.988934,0,0.028281894987466527,0,0,27.523481227657037,973.1837714500534,-0.028281894987466527
-117.063735,1000,408.297655,0,0.02812344619174049,0,0,27.369281431050652,973.1837714500533,-0.02812344619174049
-129.637957,1000,409.954012,0,0.028421380961655997,0,0,27.659226714083125,973.1837714500533,-0.028421380961655997
-132.034947,1000,417.561977,0,0.027997285324929462,0,0,27.24650372287809,973.1837714500534,-0.027997285324929462
-109.526922,1000,419.182236,0,0.028123398617307397,0,0,27.36923513238443,973.1837714500533,-0.028123398617307397
-109.386837,1000,426.824614,0,0.02835641628504969,0,0,27.596004145092373,973.1837714500534,-0.02835641628504969
-124.574243,1000,428.485851,0,0.028151102013131053,0,0,27.396195627614063,973.1837714500532,-0.028151102013131053
-151.963399,1000,435.962042,0,0.028183106160824332,0,0,27.42734154476826,973.1837714500534,-0.028183106160824332
-124.57636,1000,437.572188,0,0.028414681884729214,0,0,27.65270728113429,973.1837714500534,-0.028414681884729214
-121.991756,1000,444.940306,0,0.027569139650984554,0,0,26.829839301178353,973.1837714500533,-0.027569139650984554--141.934327,1000,446.569532,0,0.027950253061012086,0,0,27.200732686899137,973.1837714500533,-0.027950253061012086-1-119.580279,1000,453.969661,0,0.02813455437320313,0,0,27.380091732980418,973.1837714500534,-0.0281345543732031--1-116.523495,1000,455.615054,0,0.028343844928941327,0,0,27.583769905342585,973.1837714500532,-0.028343844928941-147.-117.083532,1000,462.905169,0,0.028090556476659805,0,0,27.33727369408651,973.1837714500533,-0.028090556476659--170-131.872929,1000,464.538269,0,0.027481930312903625,0,0,26.744968588639097,973.1837714500534,-0.0274819303129--157.5-134.183067,1000,472.114664,0,0.028014629429061598,0,0,27.263382723549825,973.1837714500534,-0.02801462942-22-170.4-139.332712,1000,473.747771,0,0.028258647671053856,0,0,27.50085731659446,973.1837714500533,-0.028258647671--148.08-151.780504,1000,481.224196,0,0.028144774379129496,0,0,27.390037676892078,973.1837714500534,-0.028144774-2-168.1441-126.879106,1000,482.851365,0,0.028343844928941313,0,0,27.58376990534257,973.1837714500532,-0.0283438449-175.67696-131.866814,1000,490.389975,0,0.02826127181088835,0,0,27.503411086895404,973.1837714500533,-0.02826127-138.150172-144.571598,1000,492.029324,0,0.02809496874714706,0,0,27.34156764411996,973.1837714500534,-0.028094968-155.575,1-124.451174,1000,499.705422,0,0.027797697376036698,0,0,27.05226797003865,973.1837714500534,-0.0277976-153.036378,1-139.378131,1000,501.336396,0,0.028123446191740512,0,0,27.369281431050673,973.1837714500534,-0.028123-153.059701,10-141.98887,1000,508.778264,0,0.02801360921641521,0,0,27.26238986915893,973.1837714500534,-0.02801360-165.626975-132.022669,1000,510.409681,0,0.028151102013131025,0,0,27.396195627614034,973.1837714500532,-0.02815110-153.157095,-121.95508,1000,517.785927,0,0.027894941418231043,0,0,27.146904293772387,973.1837714500533,-0.027894--128.158908,1-134.515408,1000,519.417987,0,0.027746751717399546,0,0,27.002688481827136,973.1837714500533,-0.0277-2-150.520463,10-114.515502,1000,526.907124,0,0.028042394194862527,0,0,27.2904029430454,973.1837714500534,-0.02804-1-153.147088,1-134.532782,1000,528.553044,0,0.02776830499824224,0,0,27.02366378496475,973.1837714500533,-0.02776-2-148.143101,-141.949759,1000,535.885803,0,0.02775384792080787,0,0,27.009594391823022,973.1837714500533,-0.027753-143.082229,1-124.535733,1000,537.519606,0,0.028000685720405854,0,0,27.249812932572226,973.1837714500534,-0.02800--148.168468,10-139.51343,1000,545.044419,0,0.027469923899121,0,0,26.733284141592527,973.1837714500532,-0.027469-22-180.629-149.503348,1000,546.681558,0,0.028018947844551376,0,0,27.26758533542285,973.1837714500533,-0.0280189-231.-155.363-132.058183,1000,554.030733,0,0.02811581888718144,0,0,27.361858662033875,973.1837714500533,-0.0281158-238.-142.84-124.533174,1000,555.695949,0,0.028172430200520054,0,0,27.41695187345549,973.1837714500533,-0.0281724-21-160.63736-134.37429,1000,563.208487,0,0.027873589497622454,0,0,27.12612495114682,973.1837714500534,-0.02787358--158.072334-119.586796,1000,564.849563,0,0.027900775325155003,0,0,27.152581757314938,973.1837714500534,-0.027900--150.626857,1-142.055949,1000,572.19224,0,0.028172430200520054,0,0,27.416951873455492,973.1837714500534,-0.028172-187.877993,10-119.444338,1000,573.820253,0,0.027991292023160832,0,0,27.240671138859454,973.1837714500534,-0.02799-145.448858,100-144.544862,1000,575.443804,0,0.028123398617307394,0,0,27.369235132384425,973.1837714500533,-0.02-145.611509,1000,5-127.112961,1000,582.891067,0,0.0279645413543792,0,0,27.214637822125734,973.1837714500534,-0.-145.373056,1000,5-131.917087,1000,584.560695,0,0.028089152071656274,0,0,27.335906949928535,973.1837714500534,-0.-165.436543,1000,592-134.539806,1000,592.135655,0,0.02800244226531037,0,0,27.25152237356712,973.1837714500533,-0.-2-163.196923,1000,-119.611309,1000,593.765214,0,0.027768884845217386,0,0,27.024228082630884,973.1837714500533,-0-2-132.900852,1000,60-122.002653,1000,601.427751,0,0.02744578374692896,0,0,26.7097913372389,973.1837714500533,-0.0--157.966099,1000,-124.585204,1000,603.102385,0,0.027857588963599654,0,0,27.110553491101296,973.1837714500534,-0.0-148.143826,1000,61-131.977832,1000,610.651176,0,0.02776577772547341,0,0,27.021204284120095,973.1837714500533,-0-148.116603,1000,612-129.57329,1000,612.313905,0,0.02775892960905201,0,0,27.014539808353792,973.1837714500534,-0.-148.155411,1000,62-129.458154,1000,620.035323,0,0.028272664382817038,0,0,27.51449815301148,973.1837714500533,-185.671567,1000,621.69-142.103791,1000,621.699219,0,0.027750495468606747,0,0,27.00633183974633,973.183771450053-153.126836,1000,629.2234-124.593373,1000,629.22332,0,0.02798414411096792,0,0,27.233714906713566,973.1837714500534-173.157926,1000,630.89-147.117307,1000,630.89629,0,0.027743148966970346,0,0,26.999182343576855,973.1837714500534,--158.161466,1000,638.3-134.511927,1000,638.330997,0,0.02763734972204273,0,0,26.896220235381627,973.1837714500533,--183.164126,1000,639.-147.032262,1000,639.967523,0,0.028289956935493365,0,0,27.53132698464303,973.1837714500534,--160.568233,1000,647.3-134.572818,1000,647.380663,0,0.02812339861730739,0,0,27.369235132384425,973.1837714500534-147.940116,1000,649.01-122.030282,1000,649.014235,0,0.02812339861730739,0,0,27.369235132384425,973.183771450053-2-177.978514,1000,656.3-134.564121,1000,656.3745,0,0.02823535714181685,0,0,27.47819135151252,973.1837714500534,--2-185.492689,1000,65-147.036745,1000,658.010728,0,0.02815376307111271,0,0,27.398785326056704,973.1837714500533,--22-170.621811,1000,6-142.015109,1000,665.311929,0,0.02771790004108756,0,0,26.974610498661182,973.1837714500534,-0--158.128561,1000,66-142.030785,1000,666.952625,0,0.028140510214237392,0,0,27.385887860820297,973.1837714500534,-0--153.144682,1000,674-157.03014,1000,674.350333,0,0.028168298463673736,0,0,27.412930934208745,973.1837714500532,-175.52084,1000,675.966-142.110954,1000,675.965982,0,0.027931066598384624,0,0,27.182060732838565,973.1837714500-140.483182,1000,683.362178-122.02916,1000,683.36206,0,0.02766216733485011,0,0,26.920372333411905,973.183771450053-165.497672,1000,684.999-122.098752,1000,684.999217,0,0.02836230673164391,0,0,27.601736632124457,973.183771450053-160.609865,1000,692.335-132.079529,1000,692.335416,0,0.027421357436358828,0,0,26.68602004819565,973.18377145005-180.668504,1000,693.96245-134.658035,1000,693.96233,0,0.02776071681954464,0,0,27.016279092601383,973.18377145005-180.64869,1000,701.32686-144.548913,1000,701.326736,0,0.02818098386272806,0,0,27.425276158702786,973.1837714500-162.974018,1000,702.94554-132.111463,1000,702.945435,0,0.02774419351816146,0,0,27.000198883844494,973.183771450-163.135642,1000,710.456774-117.10111,1000,710.456666,0,0.027737867229171452,0,0,26.994042242065913,973.1837714500-160.44206,1000,712.159714,-114.577422,1000,712.159627,0,0.027445300953284107,0,0,26.70932149029877,973.183771450-150.673925,1000,719.614353,-127.049242,1000,719.614248,0,0.02800944766220735,0,0,27.25833991213983,973.1837714500-165.621756,1000,721.26557-132.096994,1000,721.265487,0,0.027438859492605574,0,0,26.70305276530199,973.183771450-148.209216,1000,729.070994,-127.067404,1000,729.070904,0,0.028014474725094846,0,0,27.26323216816,973.18377145005-193.124351,1000,730.73849-132.124582,1000,730.738397,0,0.027558873275797,0,0,26.819848231454213,973.183771450053-160.504647,1000,738.1-129.607548,1000,738.183497,0,0.027754868133454225,0,0,27.010587246213888,973.1837714500534,-153.151009,1000,739.82-129.632884,1000,739.820028,0,0.027672687799973436,0,0,26.93061067933803,973.18377145005-145.678597,1000,747.36609-137.130426,1000,747.365984,0,0.02774122525831748,0,0,26.99731022153489,973.18377145005-165.699637,1000,749.0435-132.110027,1000,749.043467,0,0.027868216790784613,0,0,27.120896320043475,973.18377145005-155.64302,1000,756.490021-132.054028,1000,756.489911,0,0.02804583711255067,0,0,27.29375353466594,973.1837714500-155.729513,1000,758.12229-114.648088,1000,758.122181,0,0.02783221395329634,0,0,27.08585894287373,973.18377145005-165.714157,1000,765.6356-124.591411,1000,765.635556,0,0.02766382921927685,0,0,26.921989652366033,973.183771450053-183.190413,1000,767.265-132.114904,1000,767.265088,0,0.027412685918382303,0,0,26.67758106762706,973.183771450053-135.677369,1000,768.9201-119.629101,1000,768.920003,0,0.028055792348716104,0,0,27.30344180894309,973.18377145005-170.479399,1000,776.43590-117.075227,1000,776.435788,0,0.02836937845223554,0,0,27.60861871584046,973.18377145-160.604535,1000,778.078172,-139.624823,1000,778.078067,0,0.027983032676053312,0,0,27.23263327629164,973.18377145-168.257428,1000,785.54004,0,-152.089947,1000,785.539932,0,0.028284181194348088,0,0,27.52570612709235,973.1837714-155.624555,1000,787.192894,0,-117.124329,1000,787.192782,0,0.02776534039379416,0,0,27.020778680027114,973.1837714-140.669589,1000,794.829272,0-139.633227,1000,794.829188,0,0.027705017119730502,0,0,26.962073048667627,973.1837714-160.611138,1000,796.469953,0,-137.13019,1000,796.469831,0,0.027496748669723087,0,0,26.759389573015355,973.1837714-155.520886,1000,803.868329,0,-127.122139,1000,803.868239,0,0.027841513444765088,0,0,27.094909057053854,973.183771-168.126038,1000,805.499794,0,0-139.599414,1000,805.499679,0,0.02768368758732999,0,0,26.941315493882826,973.183771-148.068641,1000,812.879775,0,-127.082485,1000,812.879664,0,0.028125217694947323,0,0,27.371005429222613,973.1837714-140.682936,1000,814.514694,0,-124.586002,1000,814.514572,0,0.027565888223199442,0,0,26.826675064423846,973.1837-140.515678,1000,821.808777,0,0.0-132.142165,1000,821.808664,0,0.027546546676613808,0,0,26.80785218517196,973.1837-138.162167,1000,823.441792,0,0.0-117.13132,1000,823.441673,0,0.027448464097779096,0,0,26.71239981118805,973.1837-150.594738,1000,831.029916,0,0.0-119.555496,1000,831.029785,0,0.02753874840557675,0,0,26.80026303435333,973.183-145.653601,1000,832.650087,0,0.0-129.591324,1000,832.649975,0,0.027431008653515426,0,0,26.695412456107192,973.1837-155.698357,1000,839.978719,0,0.0-129.570505,1000,839.978607,0,0.02757068268322981,0,0,26.831340955118264,973.-153.139398,1000,841.610729,0,0.0293-134.577786,1000,841.610625,0,0.02749565870305381,0,0,26.75832883514139,973.-145.621618,1000,849.24088,0,0.02919-124.598864,1000,849.240758,0,0.027470899636685538,0,0,26.734233713555533,973.-160.557577,1000,850.854815,0,0.02946-129.6249,1000,850.854688,0,0.027769401869391922,0,0,27.024731242166993,973.18-150.640041,1000,858.49486,0,0.0295-119.563198,1000,858.49474,0,0.027430360028485617,0,0,26.694781224754426,973.1-145.555813,1000,860.103249,0,0.0296-107.053142,1000,860.103272,0,0.027526878788307906,0,0,26.788711715453964,973.-140.603203,1000,867.839722,0,0.03001-117.053502,1000,867.839611,0,0.027825367325965623,0,0,27.07919591626631,973.-160.555621,1000,869.47029,0,0.029684-124.592775,1000,869.470177,0,0.028223375775009107,0,0,27.466531279775438,9-153.004612,1000,877.086383,0,0.02935617-122.009443,1000,877.086267,0,0.02804789957099007,0,0,27.29576068574845,9-150.650246,1000,878.695213,0,0.0291510-119.600665,1000,878.695101,0,0.027768584011698398,0,0,27.0239353163323,97-155.62801,1000,886.45823,0,0.029541035-124.637839,1000,886.458114,0,0.02807431455714411,0,0,27.32146732159664,-165.660759,1000,888.065248,0,0.03016425-124.632533,1000,888.06513,0,0.02767802605211068,0,0,26.9358057796859,9-157.931737,1000,895.793664,0,0.0293958-127.037763,1000,895.793545,0,0.027856122239716903,0,0,27.109126099221406,-135.551476,1000,897.412792,0,0.029766033-144.609221,1000,897.412677,0,0.027756740535725105,0,0,27.01240943771753,-145.513863,1000,905.055255,0,0.029020056-112.164903,1000,905.055144,0,0.028226643523360566,0,0,27.46971139944-150.733101,1000,906.677105,0,0.02902005674534-132.063303,1000,906.677052,0,0.027613911249067095,0,0,26.87341029385-145.646063,1000,914.310776,0,0.0300352931548-134.617912,1000,914.310652,0,0.02807259089804602,0,0,27.319789884534-142.776024,1000,915.924452,0,0.030314179015-117.099507,1000,915.92433,0,0.028070253081546377,0,0,27.317514759456-153.069126,1000,923.556298,0,0.0300714174382-127.126977,1000,923.556179,0,0.028307428510760776,0,0,27.548330038154-128.094888,1000,925.171188,0,0.0303215751083-127.183754,1000,925.171053,0,0.028206438734075006,0,0,27.4500484264-147.919214,1000,932.978776,0,0.030007192685127-137.067837,1000,932.97869,0,0.027594689665800507,0,0,26.854704160-150.661352,1000,934.610292,0,0.0303856235445024-124.499,1000,934.610179,0,0.02806730916024714,0,0,27.314649783023-148.166387,1000,942.326311,0,0.029801814033-129.610543,1000,942.326197,0,0.028361754913185853,0,0,27.601199611356-155.573354,1000,943.96802,0,0.0300699977657-119.600264,1000,943.96789,0,0.028407885427846072,0,0,27.64609307959-150.557218,1000,951.671405,0,0.03038678293945-117.127553,1000,951.671303,0,0.02830066862919236,0,0,27.5417514311-160.694683,1000,953.29543,0,0.03024430506431-134.606686,1000,953.295316,0,0.027873589497622475,0,0,27.126124951-138.058689,1000,961.206406,0,0.0291556683702690-112.160269,1000,961.206296,0,0.02798254923403893,0,0,27.2321627-178.027311,1000,962.829179,0,0.03044859750074798-139.620489,1000,962.829063,0,0.02828978533556869,0,0,27.531159986-153.2068,1000,964.455488,0,0.03045279349600158-134.604431,1000,964.455374,0,0.02766792614566681,0,0,26.9259767-150.658648,1000,972.116969,0,0.02949162353240957-139.648577,1000,972.116864,0,0.02787741753462796,0,0,27.1298503-168.135355,1000,973.732127,0,0.0296844982077116-122.094852,1000,973.73203,0,0.0281341170415239,0,0,27.3796661288-157.98009,1000,981.35401,0,0.029733910646138-114.655594,1000,981.353896,0,0.0279645413543792,0,0,27.21463782212-173.172004,1000,982.973515,0,0.030071417438-112.141129,1000,982.973415,0,0.027721239587594645,0,0,26.977860491125-170.592976,1000,990.624639,0,0.029713158920-142.087912,1000,990.62451,0,0.028008290951400783,0,0,27.25721421995462-165.586257,1000,992.262593,0,0.0290971416-139.517575,1000,992.262485,0,0.027435118980728684,0,0,26.6994125598464-138.171628,1000,999.776166,0,0.030057579436-122.1113,1000,999.776059,0,0.027835075106273106,0,0,27.0886433705183-173.128877,1000,1001.393688,0,0.0300684473-117.096549,1000,1001.393576,0,0.027891942208205997,0,0,27.14398551124884-135.556652,1000,1008.803238,0,0.030230144-112.164758,1000,1008.803145,0,0.027927571632862164,0,0,27.1786594891103-140.688971,1000,1010.4203,0,0.0295410359708-124.54833,1000,1010.420188,0,0.028299354616917863,0,0,27.54047265569-140.628629,1000,1017.837769,0,0.0297818964990-129.607235,1000,1017.837641,0,0.0277982085657977,0,0,27.052765451618-167.861232,1000,1019.452374,0,0.0298886656-127.125588,1000,1019.45226,0,0.02768119902549556,0,0,26.93889366589131-157.999689,1000,1026.904794,0,0.029135403-132.140132,1000,1026.904661,0,0.02775318316703717,0,0,27.00894746424137,-148.186967,1000,1028.577197,0,0.0300343-132.004025,1000,1028.577093,0,0.028243564550783258,0,0,27.48617866872428,-160.497526,1000,1036.218528,0,0.02902005-127.119326,1000,1036.218425,0,0.02786506116783821,0,0,27.117825319003217,-135.670289,1000,1037.8958,0,0.030213993-142.136737,1000,1037.8957,0,0.02814668974264378,0,0,27.3919016775806,973.-143.083002,1000,1045.596789,0,0.030-122.09609,1000,1045.596688,0,0.027767440834574122,0,0,27.022822794907057,973-160.626002,1000,1047.26281,0,0.029621-139.617841,1000,1047.262707,0,0.02829529314132011,0,0,27.536520093554735,9-155.56213,1000,1054.795736,0,0.0301344-131.991401,1000,1054.79562,0,0.028022319851834773,0,0,27.27086691818827,973-135.713434,1000,1056.427002,0,0.03023-132.12407,1000,1056.426894,0,0.028235629406726886,0,0,27.478456315304506,973-145.335392,1000,1063.945556,0,0.02948-137.132992,1000,1063.945453,0,0.028144775724140994,0,0,27.39003898583544,97-158.092151,1000,1065.621009,0,0.029302-124.589731,1000,1065.620899,0,0.02772181943456982,0,0,26.978424788792044,9-138.129764,1000,1073.124654,0,0.030216-132.127295,1000,1073.124541,0,0.02826328899362682,0,0,27.50537417640053,973-140.640962,1000,1074.77789,0,0.02913-134.544833,1000,1074.777784,0,0.027599870507615133,0,0,26.859746072133994,97-145.466613,1000,1082.383792,0,0.029617-134.638513,1000,1082.383669,0,0.028111924269688584,0,0,27.358068483493824,-155.644731,1000,1084.029187,0,0.03003766-122.057329,1000,1084.029063,0,0.02785282614981859,0,0,27.105918398023-142.93147,1000,1091.61451,0,0.0298643891765-129.516638,1000,1091.614412,0,0.027864844167927456,0,0,27.117614138-143.00445,1000,1093.279869,0,0.0297417014123701-109.557096,1000,1093.279735,0,0.028257627458407493,0,0,27.49986446-142.889198,1000,1100.883352,0,0.029106090647422-127.007251,1000,1100.883255,0,0.027451472105295412,0,0,26.71532715-158.029956,1000,1102.54255,0,0.02978198640929198-114.626955,1000,1102.544609,0,0.028295293141320104,0,0,27.5365200-148.078021,1000,1110.157846,0,0.03002991875881057-129.635433,1000,1110.157739,0,0.027572158059778175,0,0,26.8327767-155.49458,1000,1111.793093,0,0.029180478333993724-121.957171,1000,1111.793,0,0.028189062001858604,0,0,27.433137-155.498555,1000,1119.17156,0,0.02976603320522591,-124.490317,1000,1119.171449,0,0.028232783579685925,0,0,27.4756-142.976596,1000,1120.862055,0,0.029268871613934853,0-127.12619,1000,1120.861962,0,0.028403058226522882,0,0,27.64-155.678246,1000,1128.216733,0,0.029690840803491447,-122.115201,1000,1128.216621,0,0.027756583562513554,0,0,27.01225-165.507184,1000,1129.849794,0,0.02902005674533999-134.606525,1000,1129.84966,0,0.027862170456528612,0,0,27.11501212-155.594043,1000,1137.260219,0,0.029259241874523-127.125035,1000,1137.260101,0,0.0277340851612822,0,0,26.9903615949-158.0556,1000,1138.895415,0,0.02945800183654-134.677602,1000,1138.895336,0,0.02750008248060077,0,0,26.7626339836-140.548914,1000,1146.189463,0,0.0290581451762-114.543395,1000,1146.189375,0,0.02800395481376882,0,0,27.25299436118-167.856485,1000,1147.821878,0,0.02923750979-129.577658,1000,1147.821748,0,0.027768081249800063,0,0,27.0234460366119-165.38289,1000,1149.455386,0,0.030243552453-132.072371,1000,1149.455296,0,0.02745541234476628,0,0,26.7191617323-150.350897,1000,1156.817348,0,0.0293999819399-146.991461,1000,1156.817234,0,0.028161776628423812,0,0,27.4065839899-177.897776,1000,1158.445406,0,0.03030726001472-117.170039,1000,1158.445289,0,0.02838340735266956,0,0,27.62227141407-173.241951,1000,1165.772853,0,0.030200468494-137.051195,1000,1165.772737,0,0.028105441007486985,0,0,27.3517590779-147.959002,1000,1167.403184,0,0.02928443781015-119.653482,1000,1167.403072,0,0.027940224210842177,0,0,27.19097277-145.698324,1000,1174.783782,0,0.029621517328191-124.558475,1000,1174.783677,0,0.028311840781248016,0,0,27.5526239-170.400405,1000,1176.408916,0,0.0297822450633387-129.509672,1000,1176.40881,0,0.02828461852602735,0,0,27.5261317311-150.437165,1000,1184.489576,0,0.0294604247000-124.504231,1000,1184.489455,0,0.02754940798195326,0,0,26.8106367610-147.938362,1000,1186.187257,0,0.0298020222792-124.591104,1000,1186.187144,0,0.028407885427846072,0,0,27.6460930795-142.827764,1000,1193.750836,0,0.03007082123801-124.601103,1000,1193.750722,0,0.02809790890293689,0,0,27.34442895602-150.5435,1000,1195.391113,0,0.02990883671378-131.982216,1000,1195.390979,0,0.027789391555841977,0,0,27.0441848806-152.927763,1000,1202.963796,0,0.02978857223212-152.006202,1000,1202.963663,0,0.027834987319019067,0,0,27.088557937-158.03641,1000,1204.796039,0,0.0292573624557628-122.131587,1000,1204.795918,0,0.027770289555864372,0,0,27.02559512-160.305495,1000,1214.683702,0,0.030244262289617-117.078787,1000,1214.683595,0,0.028152942404802296,0,0,27.3979866-157.9242,1000,1216.440646,0,0.030420171228417697,-121.990044,1000,1216.440517,0,0.02818774613838575,0,0,27.431-140.582146,1000,1229.267084,0,0.029876247305398552,0-147.009437,1000,1229.266969,0,0.027988988517087556,0,0,27.23-162.883138,1000,1231.177565,0,0.030274296318995475,0-117.092643,1000,1231.17747,0,0.028236297926006983,0,0,27.479-145.753465,1000,1241.081806,0,0.03000719268512763,0,0-134.522192,1000,1241.081681,0,0.027737002114744193,0,0,26.9-132.830733,1000,1242.946075,0,0.029458459145605503,0,0,-124.625859,1000,1242.945961,0,0.02798594962951531,0,0,27.2-162.883637,1000,1251.256917,0,0.029943406115257264,0,0-139.608251,1000,1251.256808,0,0.027893359503001387,0,0,27.1-148.145664,1000,1253.037122,0,0.02964943543530684,0,0,2-134.4591,1000,1253.036993,0,0.028271219027162252,0,0,27.51-172.831312,1000,1262.307843,0,0.02990190743582747,0,0-107.023346,1000,1262.307739,0,0.02777280513903753,0,0,27.-155.45376,1000,1264.041642,0,0.0294348286841489,0,0,25.-144.395675,1000,1264.041538,0,0.027945049680087205,0,0,-150.28937,1000,1272.104259,0,0.029974603276742486,0,0,25.93-122.022436,1000,1272.104132,0,0.028333168968637024,-163.194549,1000,1273.738109,0,0.029717313169588117,0,0,25.710-146.92882,1000,1273.738033,0,0.028199421268139912,0,-157.88014,1000,1281.171366,0,0.03003529315484961,0,0,25.98536-137.028616,1000,1281.171255,0,0.0282203172343705-123.000271,1000,1282.795261,0,0.029534343950128987,0,0,25.551959-117.034717,1000,1282.795147,0,0.0283055144922580-155.394207,1000,1290.751255,0,0.03011826931474888,0,0,26.057148442-122.037314,1000,1290.75114,0,0.02775477293344-140.713755,1000,1292.490334,0,0.030067968112633382,0,0,26.0136298096-124.511846,1000,1292.49022,0,0.0276222634778-128.03097,1000,1306.840947,0,0.030008363026298102,0,0,25.96206182058-122.080879,1000,1306.840815,0,0.02802642752-152.742588,1000,1308.543763,0,0.0296340459552308,0,0,25.6382173332607-129.527736,1000,1308.543652,0,0.0280073900-140.687101,1000,1316.247016,0,0.029092965966278715,0,0,25.1700960928338,-126.990818,1000,1316.246884,0,0.0274288-143.08801,1000,1317.914432,0,0.029243185300197642,0,0,25.30005998424739-131.982875,1000,1317.914326,0,0.0279903619-182.87081,1000,1326.205756,0,0.02917570460273503,0,0,25.241678324518578-124.630122,1000,1326.205643,0,0.02804789-140.354954,1000,1327.854119,0,0.029943406115257257,0,0,25.90586364213781-124.552054,1000,1327.854003,0,0.027999737-150.472088,1000,1336.364451,0,0.029352251858918002,0,0,25.39442010437706-122.02143,1000,1336.364347,0,0.0277128297-145.630499,1000,1338.008291,0,0.029711280774980187,0,0,25.70503787802948-107.133433,1000,1338.008179,0,0.02778955-138.025383,1000,1346.180018,0,0.029255403726065374,0,0,25.310630888346708,-114.505456,1000,1346.179891,0,0.0280363-138.146115,1000,1347.815498,0,0.029127543824378262,0,0,25.20001150304185,8-132.002849,1000,1347.815363,0,0.027856-155.488612,1000,1355.325991,0,0.029135403547628037,0,0,25.206811428140213,-114.526123,1000,1355.325882,0,0.0277368-145.471387,1000,1356.963,0,0.029910862005998327,0,0,25.877707751870297,86-112.100437,1000,1356.962891,0,0.02812-150.488371,1000,1364.576416,0,0.02999167766430391,0,0,25.947626298082287,865-134.540994,1000,1364.576313,0,0.0277-158.068055,1000,1366.313649,0,0.029020056745340007,0,0,25.107017886946924,865-121.942548,1000,1366.313547,0,0.02746-155.616794,1000,1367.973226,0,0.029202210409849588,0,0,25.26461011197761,86-124.455724,1000,1367.973123,0,0.027423-162.982021,1000,1375.707957,0,0.03005757943664176,0,0,26.004641933557693,8-124.522352,1000,1375.707869,0,0.027654-143.01353,1000,1377.340251,0,0.029230871122826185,0,0,25.28940623969268,865-117.102985,1000,1377.340143,0,0.02803-148.021754,1000,1385.069184,0,0.03034756730449147,0,0,26.25552809305045,865.-109.450568,1000,1385.069085,0,0.02-152.817434,1000,1386.70591,0,0.029138165810459096,0,0,25.209201229887206,865.160-141.943912,1000,1386.705806,0,0.0-140.412397,1000,1394.340223,0,0.029765739707544467,0,0,25.752153616154796,865.160-132.018075,1000,1394.340113,0,0.-150.39296,1000,1395.94251,0,0.029679537224822344,0,0,25.677574600179888,865.160881-116.979422,1000,1395.9424,0,0-150.479347,1000,1406.739168,0,0.02943482868414888,0,0,25.46586234331933,865.1608819-114.492345,1000,1406.739054-143.136434,1000,1408.370466,0,0.030118269314748886,0,0,26.057148442024015,865.16088191-117.137061,1000,1408.370346-150.428277,1000,1415.893925,0,0.029684148782784074,0,0,25.68156433973305,865.160881912-124.55308,1000,1415.893806-147.991112,1000,1417.497329,0,0.02974249102871243,0,0,25.732039768673175,865.1608819124-131.973981,1000,1417.497-145.691206,1000,1425.121086,0,0.029020056745340014,0,0,25.107017886946927,865.160881912-114.527338,1000,1425.120974-147.884051,1000,1426.750076,0,0.029057184618778445,0,0,25.13913947067445,865.16088191-136.762185,1000,1426.749945-145.323705,1000,1434.492961,0,0.029056155278393506,0,0,25.138248925639232,865.1608819-127.105871,1000,1434.492888,-157.888284,1000,1436.126864,0,0.029218522729812905,0,0,25.27872289310311,865.160881912-124.42985,1000,1436.126764-140.295663,1000,1443.853962,0,0.029430088393908052,0,0,25.461761229634057,865.16088191-127.00995,1000,1443.853834,0-140.668085,1000,1445.513365,0,0.02990586665703932,0,0,25.87338597135946,865.1608819-116.975764,1000,1445.513241,-145.348264,1000,1452.891263,0,0.02975564272199435,0,0,25.7434180992316,865.16088191242-129.572809,1000,1452.891-148.171666,1000,1454.517484,0,0.02907075525802833,0,0,25.150880256895995,865.1608819124228-121.928548,1000,1454.5-155.445898,1000,1461.868737,0,0.029052759638555095,0,0,25.135311150881968,865.1608819124228,-109.48036,1000,1461.86-143.159332,1000,1463.5543,0,0.029206966147607934,0,0,25.26872459025076,865.1608819124228,-0-122.006588,1000,1463-160.687072,1000,1470.945742,0,0.029406167971172296,0,0,25.441066215604273,865.1608819124231,-126.962491,1000,1470.9-142.839961,1000,1472.589926,0,0.029396466698042176,0,0,25.432673053587344,865.16088-109.58162,1000,1472.589819,0,0.-128.105883,1000,1480.125906,0,0.02918012958295838,0,0,25.245506644311057,865.1608-104.589818,1000,1480.125875,0,0.-147.75279,1000,1481.757522,0,0.029165870484364965,0,0,25.2331702299967,865.1608819-109.519887,1000,1481.757425,-150.483045,1000,1489.454795,0,0.02967931561353936,0,0,25.677382870766856,865.160881912-112.051659,1000,1489.4546-150.621554,1000,1491.086669,0,0.02969104636837284,0,0,25.687531860964093,865.1608819124-109.47554,1000,1491.086558-150.411801,1000,1498.622352,0,0.03009003363564783,0,0,26.03272003699155,865.16088191242-121.999476,1000,1498.622-135.599774,1000,1500.248011,0,0.02902446817338346,0,0,25.110834481923483,865.1608819124228-124.49184,1000,1500.247-130.350297,1000,1507.800795,0,0.029711280774980187,0,0,25.70503787802948,865.160881912423-121.894382,1000,1507.80-157.960191,1000,1509.434467,0,0.029020056745340018,0,0,25.107017886946927,865.160881912423,-124.560474,1000,1509.4-152.974652,1000,1516.962091,0,0.03002849908627246,0,0,25.97948275198587,865.160881912423,-0.-124.529282,1000,15-155.360266,1000,1518.594705,0,0.029159763090451547,0,0,25.227886351692383,865.1608819124231-134.411202,1000,1518.59-150.313861,1000,1526.331104,0,0.029845050143913313,0,0,25.82076990322853,865.1608819124231,-119.326011,1000,1526.3-152.888393,1000,1527.958695,0,0.029759796970894172,0,0,25.74701219287346,865.1608819124231,--112.102971,1000,1527-145.538713,1000,1535.474674,0,0.02958047926790414,0,0,25.59187353081209,865.1608819124231,-0-122.124551,1000,153-160.373214,1000,1537.12568,0,0.02929151878992593,0,0,25.34187622884663,865.1608819124231,-0.028-114.515279,1000,-137.968543,1000,1544.84673,0,0.029178671923377773,0,0,25.244245534262767,865.1608819124228,-0.02-119.593977,1000,1-150.473323,1000,1546.483231,0,0.029620853995801166,0,0,25.62680416600646,865.1608819124231,-0.0-134.613123,1000,1-153.130833,1000,1553.821091,0,0.029917211759980904,0,0,25.883201310625793,865.1608819124231,-0.02-122.047398,1000,1-147.883723,1000,1555.451555,0,0.02970284477969104,0,0,25.69773938490531,865.1608819124231,-0.0-117.00542,1000,1555.451453,0,0.027416964011624897,0,0,26.681744438543504,973.1837714500534,-0.027416964011624897
6762968-186.729604,1000,1546.48352,0,0.022545504373-177.973258,1000,1553.821489,0,0.024399630888309726,0,0,31.3754109925-166.774615,1000,1553.821324,0,0.022704701042043-187.943485,1000,1555.451937,0,0.024212809383925615,0,0,31.1351777895-164.37189,1000,1555.451796,0,0.02338839591842712,0,0,32.6809506011287,1397.3147502339061,-0.02338839591842712
8,-0.024404441685343725
